Workbook

Sheet Papers_to_Exclude
A1: PaperTitle_ToC | B1: PaperTitle_NoToC_Updated | C1: PaperTitle_NoToC | D1: FileName | E1: Exclusion Reason
B2: {=_xludf.XLOOKUP(D2,Main_Generated!D:D,Main_Generated!C:C,C2)} -> #NAME? | C2: R | D2: xu-et-al-2014-automated-analysis-of-child-phonetic-production-using-naturalistic-recordings | E2: ACTUALLY A VALIDATION PAPER
A3: Abstract | B3: {=_xludf.XLOOKUP(D3,Main_Generated!D:D,Main_Generated!C:C,C3)} -> #NAME? | C3: Measuring Frequency of Child-directed WH-estion Words for Alternate Preschool Locations using Speech Recognition and Location Tracking Technologies | D3: 3461615.3485440 | E3: ACTUALLY A COMPUTATIONAL PAPER

Sheet Main_Generated
A1: Review | B1: PaperTitle_ToC | C1: PaperTitle_NoToC | D1: FileName | E1: Notes
C2: Measuring Early Word Exposure in Infants: A Brief Parent-Report Survey Captures Individual Language Input and Predicts Vocabulary Outcomes | D2: 2027-38079-001 | E2: {=IFERROR(_xludf.XLOOKUP(D2, Papers_to_Exclude!D:D, Papers_to_Exclude!E:E), "")}
B3: Infant boys are morevocal than infantgirls | C3: Infant boys are more vocal than infant girls | D3: PIIS096098222030419X | E3: {=IFERROR(_xludf.XLOOKUP(D3, Papers_to_Exclude!D:D, Papers_to_Exclude!E:E), "")}
C4: New horizons in the study of child language acquisition | D4: Roy_New Horizons | E4: {=IFERROR(_xludf.XLOOKUP(D4, Papers_to_Exclude!D:D, Papers_to_Exclude!E:E), "")}
B5: Sex differences in infant vocalization and the origin of language | C5: Sex differences in infant vocalization and the origin of language | D5: PIIS2589004223009616 | E5: {=IFERROR(_xludf.XLOOKUP(D5, Papers_to_Exclude!D:D, Papers_to_Exclude!E:E), "")}
C6: Automated Analysis of Child Phonetic Production Using Naturalistic Recordings | D6: xu-et-al-2014-automated-analysis-of-child-phonetic-production-using-naturalistic-recordings | E6: {=IFERROR(_xludf.XLOOKUP(D6, Papers_to_Exclude!D:D, Papers_to_Exclude!E:E), "")}
B7: Using nonlinear methods to quantify changes in infant limb movements and vocalizations | C7: Using nonlinear methods to quantify changes in infant limb movements and vocalizations | D7: Abneyetal2014 | E7: {=IFERROR(_xludf.XLOOKUP(D7, Papers_to_Exclude!D:D, Papers_to_Exclude!E:E), "")}
C8: Parent coaching increases conversational turns and advances infant language development | D8: ferjan-ramírez-et-al-2020-parent-coaching-increases-conversational-turns-and-advances-infant-language-development | E8: {=IFERROR(_xludf.XLOOKUP(D8, Papers_to_Exclude!D:D, Papers_to_Exclude!E:E), "")}
C9: Auditory feedback experience in the development of phonetic production: Evidence from preschoolers with cochlear implants and their normal-hearing peers | D9: 2256_1_online | E9: {=IFERROR(_xludf.XLOOKUP(D9, Papers_to_Exclude!D:D, Papers_to_Exclude!E:E), "")}

Sheet RecDevice
A1: PaperTitle_ToC | B1: PaperTitle_NoToC_Updated | C1: PaperTitle_NoToC | D1: FileName | E1: LENA | F1: Camera | G1: RecOrMic | H1: Paper exists in the "Main_Generated" tab? | I1: Notes
B2: {=_xludf.XLOOKUP(D2,Main_Generated!D:D,Main_Generated!C:C,C2)} -> #NAME? | C2: Developmental Psychology | D2: 2027-38079-001 | E2: Yes | F2: No | G2: No | H2: =ISNUMBER(MATCH(D2, Main_Generated!D:D, 0)) -> TRUE | I2: {=IFERROR(_xludf.XLOOKUP(D2, Papers_to_Exclude!D:D, Papers_to_Exclude!E:E), "")}
A3: Infant boys are morevocal than infantgirls | B3: {=_xludf.XLOOKUP(D3,Main_Generated!D:D,Main_Generated!C:C,C3)} -> #NAME? | C3: Magazine | D3: PIIS096098222030419X | E3: No | F3: No | G3: Yes | H3: =ISNUMBER(MATCH(D3, Main_Generated!D:D, 0)) -> TRUE | I3: {=IFERROR(_xludf.XLOOKUP(D3, Papers_to_Exclude!D:D, Papers_to_Exclude!E:E), "")}
B4: {=_xludf.XLOOKUP(D4,Main_Generated!D:D,Main_Generated!C:C,C4)} -> #NAME? | C4: MIT Open Access Articles New horizons in the study of child language acquisition | D4: Roy_New Horizons | E4: No | F4: Yes | G4: Yes | H4: =ISNUMBER(MATCH(D4, Main_Generated!D:D, 0)) -> TRUE | I4: {=IFERROR(_xludf.XLOOKUP(D4, Papers_to_Exclude!D:D, Papers_to_Exclude!E:E), "")}
A5: Sex differences in infant vocalization and the origin of language | B5: {=_xludf.XLOOKUP(D5,Main_Generated!D:D,Main_Generated!C:C,C5)} -> #NAME? | C5: iScience | D5: PIIS2589004223009616 | E5: Yes | F5: No | G5: No | H5: =ISNUMBER(MATCH(D5, Main_Generated!D:D, 0)) -> TRUE | I5: {=IFERROR(_xludf.XLOOKUP(D5, Papers_to_Exclude!D:D, Papers_to_Exclude!E:E), "")}
B6: {=_xludf.XLOOKUP(D6,Main_Generated!D:D,Main_Generated!C:C,C6)} -> #NAME? | C6: R | D6: xu-et-al-2014-automated-analysis-of-child-phonetic-production-using-naturalistic-recordings | H6: =ISNUMBER(MATCH(D6, Main_Generated!D:D, 0)) -> TRUE | I6: {=IFERROR(_xludf.XLOOKUP(D6, Papers_to_Exclude!D:D, Papers_to_Exclude!E:E), "")}
A7: Using nonlinear methods to quantify changes in infant limb movements and vocalizations | B7: {=_xludf.XLOOKUP(D7,Main_Generated!D:D,Main_Generated!C:C,C7)} -> #NAME? | C7: Using nonlinear methods to quantify changes in infant limb movements and vocalizations | D7: Abneyetal2014 | E7: Yes | F7: No | G7: No | H7: =ISNUMBER(MATCH(D7, Main_Generated!D:D, 0)) -> TRUE | I7: {=IFERROR(_xludf.XLOOKUP(D7, Papers_to_Exclude!D:D, Papers_to_Exclude!E:E), "")}
B8: {=_xludf.XLOOKUP(D8,Main_Generated!D:D,Main_Generated!C:C,C8)} -> #NAME? | C8: I | D8: ferjan-ramírez-et-al-2020-parent-coaching-increases-conversational-turns-and-advances-infant-language-development | E8: Yes | F8: No | G8: No | H8: =ISNUMBER(MATCH(D8, Main_Generated!D:D, 0)) -> TRUE | I8: {=IFERROR(_xludf.XLOOKUP(D8, Papers_to_Exclude!D:D, Papers_to_Exclude!E:E), "")}
B9: {=_xludf.XLOOKUP(D9,Main_Generated!D:D,Main_Generated!C:C,C9)} -> #NAME? | C9:   | D9: 2256_1_online | E9: Yes | F9: No | G9: No | H9: =ISNUMBER(MATCH(D9, Main_Generated!D:D, 0)) -> TRUE | I9: {=IFERROR(_xludf.XLOOKUP(D9, Papers_to_Exclude!D:D, Papers_to_Exclude!E:E), "")}
A10: New Conceptualizations and Directions in the Study of Family Context | B10: {=_xludf.XLOOKUP(D10,Main_Generated!D:D,Main_Generated!C:C,C10)} -> #NAME? | C10: Everyday Emotions: Naturalistic Observation of Specific Positive Emotions in Daily Family Life | D10: 2021-36797-006 | E10: No | F10: Yes | G10: No | H10: =ISNUMBER(MATCH(D10, Main_Generated!D:D, 0)) -> FALSE | I10: {=IFERROR(_xludf.XLOOKUP(D10, Papers_to_Exclude!D:D, Papers_to_Exclude!E:E), "")}
B11: {=_xludf.XLOOKUP(D11,Main_Generated!D:D,Main_Generated!C:C,C11)} -> #NAME? | C11: SPECIAL ISSUE ARTICLE Caregiver talk to young Spanish-English bilinguals: comparing direct observation and parent-report measures of dual-language exposure | D11: Developmental Science - 2016 - Marchman - Caregiver talk to young Spanish‐English bilinguals comparing direct observation | E11: Yes | F11: No | G11: No | H11: =ISNUMBER(MATCH(D11, Main_Generated!D:D, 0)) -> FALSE | I11: {=IFERROR(_xludf.XLOOKUP(D11, Papers_to_Exclude!D:D, Papers_to_Exclude!E:E), "")}
A12: Abstract | B12: {=_xludf.XLOOKUP(D12,Main_Generated!D:D,Main_Generated!C:C,C12)} -> #NAME? | C12: Measuring Frequency of Child-directed WH-estion Words for Alternate Preschool Locations using Speech Recognition and Location Tracking Technologies | D12: 3461615.3485440 | E12: Yes | F12: No | G12: No | H12: =ISNUMBER(MATCH(D12, Main_Generated!D:D, 0)) -> FALSE | I12: {=IFERROR(_xludf.XLOOKUP(D12, Papers_to_Exclude!D:D, Papers_to_Exclude!E:E), "")}
B13: {=_xludf.XLOOKUP(D13,Main_Generated!D:D,Main_Generated!C:C,C13)} -> #NAME? | C13: Caregiver Talk and Medical Risk as Predictors of Language Outcomes in Full Term and Preterm Toddlers | D13: Child Development - 2017 - Adams - Caregiver Talk and Medical Risk as Predictors of Language Outcomes in Full Term and | E13: Yes | F13: No | G13: No | H13: =ISNUMBER(MATCH(D13, Main_Generated!D:D, 0)) -> FALSE | I13: {=IFERROR(_xludf.XLOOKUP(D13, Papers_to_Exclude!D:D, Papers_to_Exclude!E:E), "")}
A14: Linking acoustic variability in the infants’ input to their early word production | B14: {=_xludf.XLOOKUP(D14,Main_Generated!D:D,Main_Generated!C:C,C14)} -> #NAME? | C14: Linking acoustic variability in the infants’ input to their early word production | D14: Developmental Science - 2024 - Bulgarelli - Linking acoustic variability in the infants input to their early word | E14: Yes | F14: No | G14: No | H14: =ISNUMBER(MATCH(D14, Main_Generated!D:D, 0)) -> FALSE | I14: {=IFERROR(_xludf.XLOOKUP(D14, Papers_to_Exclude!D:D, Papers_to_Exclude!E:E), "")}
B15: {=_xludf.XLOOKUP(D15,Main_Generated!D:D,Main_Generated!C:C,C15)} -> #NAME? | C15: Listening to Family Life After Serious Pediatric Injury: A Study of Four Cases | D15: Family Process - 2019 - Mangelsdorf - Listening to Family Life After Serious Pediatric Injury A Study of Four Cases | E15: No | F15: No | G15: Yes | H15: =ISNUMBER(MATCH(D15, Main_Generated!D:D, 0)) -> FALSE | I15: {=IFERROR(_xludf.XLOOKUP(D15, Papers_to_Exclude!D:D, Papers_to_Exclude!E:E), "")}

Sheet Software
A1: PaperTitle_ToC | B1: PaperTitle_NoToC_Updated | C1: PaperTitle_NoToC | D1: FileName | E1: LENA | F1: Praat | G1: OpenSMILE | H1: ALICE | I1: SpeechDetAlg | J1: Paper exists in the "Main_Generated" tab? | K1: Notes
B2: {=_xludf.XLOOKUP(D2,Main_Generated!D:D,Main_Generated!C:C,C2)} -> #NAME? | C2: Developmental Psychology | D2: 2027-38079-001 | E2: No | F2: No | G2: No | H2: No | I2: No | J2: =ISNUMBER(MATCH(D2, Main_Generated!D:D, 0)) -> TRUE | K2: {=IFERROR(_xludf.XLOOKUP(D2, Papers_to_Exclude!D:D, Papers_to_Exclude!E:E), "")}
A3: Infant boys are morevocal than infantgirls | B3: {=_xludf.XLOOKUP(D3,Main_Generated!D:D,Main_Generated!C:C,C3)} -> #NAME? | C3: Magazine | D3: PIIS096098222030419X | E3: No | F3: No | G3: No | H3: No | I3: No | J3: =ISNUMBER(MATCH(D3, Main_Generated!D:D, 0)) -> TRUE | K3: {=IFERROR(_xludf.XLOOKUP(D3, Papers_to_Exclude!D:D, Papers_to_Exclude!E:E), "")}
B4: {=_xludf.XLOOKUP(D4,Main_Generated!D:D,Main_Generated!C:C,C4)} -> #NAME? | C4: MIT Open Access Articles New horizons in the study of child language acquisition | D4: Roy_New Horizons | E4: No | F4: Yes | G4: No | H4: No | I4: Yes | J4: =ISNUMBER(MATCH(D4, Main_Generated!D:D, 0)) -> TRUE | K4: {=IFERROR(_xludf.XLOOKUP(D4, Papers_to_Exclude!D:D, Papers_to_Exclude!E:E), "")}
A5: Sex differences in infant vocalization and the origin of language | B5: {=_xludf.XLOOKUP(D5,Main_Generated!D:D,Main_Generated!C:C,C5)} -> #NAME? | C5: iScience | D5: PIIS2589004223009616 | E5: Yes | F5: No | G5: No | H5: No | I5: No | J5: =ISNUMBER(MATCH(D5, Main_Generated!D:D, 0)) -> TRUE | K5: {=IFERROR(_xludf.XLOOKUP(D5, Papers_to_Exclude!D:D, Papers_to_Exclude!E:E), "")}
B6: {=_xludf.XLOOKUP(D6,Main_Generated!D:D,Main_Generated!C:C,C6)} -> #NAME? | C6: R | D6: xu-et-al-2014-automated-analysis-of-child-phonetic-production-using-naturalistic-recordings | J6: =ISNUMBER(MATCH(D6, Main_Generated!D:D, 0)) -> TRUE | K6: {=IFERROR(_xludf.XLOOKUP(D6, Papers_to_Exclude!D:D, Papers_to_Exclude!E:E), "")}
A7: Using nonlinear methods to quantify changes in infant limb movements and vocalizations | B7: {=_xludf.XLOOKUP(D7,Main_Generated!D:D,Main_Generated!C:C,C7)} -> #NAME? | C7: Using nonlinear methods to quantify changes in infant limb movements and vocalizations | D7: Abneyetal2014 | E7: Yes | F7: No | G7: No | H7: No | I7: No | J7: =ISNUMBER(MATCH(D7, Main_Generated!D:D, 0)) -> TRUE | K7: {=IFERROR(_xludf.XLOOKUP(D7, Papers_to_Exclude!D:D, Papers_to_Exclude!E:E), "")}
B8: {=_xludf.XLOOKUP(D8,Main_Generated!D:D,Main_Generated!C:C,C8)} -> #NAME? | C8: I | D8: ferjan-ramírez-et-al-2020-parent-coaching-increases-conversational-turns-and-advances-infant-language-development | E8: Yes | F8: No | G8: No | H8: No | I8: No | J8: =ISNUMBER(MATCH(D8, Main_Generated!D:D, 0)) -> TRUE | K8: {=IFERROR(_xludf.XLOOKUP(D8, Papers_to_Exclude!D:D, Papers_to_Exclude!E:E), "")}
B9: {=_xludf.XLOOKUP(D9,Main_Generated!D:D,Main_Generated!C:C,C9)} -> #NAME? | C9:   | D9: 2256_1_online | E9: Yes | F9: No | G9: No | H9: No | I9: No | J9: =ISNUMBER(MATCH(D9, Main_Generated!D:D, 0)) -> TRUE | K9: {=IFERROR(_xludf.XLOOKUP(D9, Papers_to_Exclude!D:D, Papers_to_Exclude!E:E), "")}
A10: Parallel contributions of socioeconomic status and bilingual experiences on executive function and the brain in young children | B10: {=_xludf.XLOOKUP(D10,Main_Generated!D:D,Main_Generated!C:C,C10)} -> #NAME? | C10: Brain and Language | D10: 1-s2.0-S0093934X26000325-main | E10: No | F10: No | G10: No | H10: No | I10: No | J10: =ISNUMBER(MATCH(D10, Main_Generated!D:D, 0)) -> FALSE | K10: {=IFERROR(_xludf.XLOOKUP(D10, Papers_to_Exclude!D:D, Papers_to_Exclude!E:E), "")}
B11: {=_xludf.XLOOKUP(D11,Main_Generated!D:D,Main_Generated!C:C,C11)} -> #NAME? | C11: Influences of Parent and Child Negative Emotionality on Young Children’s Everyday Behaviors | D11: 2012-05384-001 | E11: No | F11: No | G11: No | H11: No | I11: No | J11: =ISNUMBER(MATCH(D11, Main_Generated!D:D, 0)) -> FALSE | K11: {=IFERROR(_xludf.XLOOKUP(D11, Papers_to_Exclude!D:D, Papers_to_Exclude!E:E), "")}
A12: New Conceptualizations and Directions in the Study of Family Context | B12: {=_xludf.XLOOKUP(D12,Main_Generated!D:D,Main_Generated!C:C,C12)} -> #NAME? | C12: Everyday Emotions: Naturalistic Observation of Specific Positive Emotions in Daily Family Life | D12: 2021-36797-006 | E12: No | F12: No | G12: No | H12: No | I12: No | J12: =ISNUMBER(MATCH(D12, Main_Generated!D:D, 0)) -> FALSE | K12: {=IFERROR(_xludf.XLOOKUP(D12, Papers_to_Exclude!D:D, Papers_to_Exclude!E:E), "")}
B13: Perspectives on the origin of language: Infants vocalize most during independent vocal play but produce their most speech-like vocalizations during turn taking | C13: PLOS ONE | D13: file | E13: Yes | F13: No | G13: No | H13: No | I13: No | J13: =ISNUMBER(MATCH(D13, Main_Generated!D:D, 0)) -> FALSE | K13: {=IFERROR(_xludf.XLOOKUP(D13, Papers_to_Exclude!D:D, Papers_to_Exclude!E:E), "")}
B14: {=_xludf.XLOOKUP(D14,Main_Generated!D:D,Main_Generated!C:C,C14)} -> #NAME? | C14: SPECIAL ISSUE ARTICLE Caregiver talk to young Spanish-English bilinguals: comparing direct observation and parent-report measures of dual-language exposure | D14: Developmental Science - 2016 - Marchman - Caregiver talk to young Spanish‐English bilinguals comparing direct observation | E14: Yes | F14: No | G14: No | H14: No | I14: No | J14: =ISNUMBER(MATCH(D14, Main_Generated!D:D, 0)) -> FALSE | K14: {=IFERROR(_xludf.XLOOKUP(D14, Papers_to_Exclude!D:D, Papers_to_Exclude!E:E), "")}
A15: Abstract | B15: {=_xludf.XLOOKUP(D15,Main_Generated!D:D,Main_Generated!C:C,C15)} -> #NAME? | C15: Measuring Frequency of Child-directed WH-estion Words for Alternate Preschool Locations using Speech Recognition and Location Tracking Technologies | D15: 3461615.3485440 | J15: =ISNUMBER(MATCH(D15, Main_Generated!D:D, 0)) -> FALSE | K15: {=IFERROR(_xludf.XLOOKUP(D15, Papers_to_Exclude!D:D, Papers_to_Exclude!E:E), "")}
A16: Preterm and full term infant vocalization and the origin of language | B16: {=_xludf.XLOOKUP(D16,Main_Generated!D:D,Main_Generated!C:C,C16)} -> #NAME? | C16: Preterm and full term infant vocalization and the origin of language | D16: s41598-019-51352-0 | E16: No | F16: No | G16: No | H16: No | I16: No | J16: =ISNUMBER(MATCH(D16, Main_Generated!D:D, 0)) -> FALSE | K16: {=IFERROR(_xludf.XLOOKUP(D16, Papers_to_Exclude!D:D, Papers_to_Exclude!E:E), "")}
A17: ﻿﻿﻿﻿﻿﻿﻿﻿﻿﻿﻿﻿﻿﻿﻿Everyday maternal sensitivity to distress is dynamic andsystematically varies across context﻿s﻿﻿ | B17: {=_xludf.XLOOKUP(D17,Main_Generated!D:D,Main_Generated!C:C,C17)} -> #NAME? | C17: Everyday maternal sensitivity to distress is dynamic and systematically varies across contexts | D17: aacaf037 | E17: No | F17: No | G17: No | H17: No | I17: No | J17: =ISNUMBER(MATCH(D17, Main_Generated!D:D, 0)) -> FALSE | K17: {=IFERROR(_xludf.XLOOKUP(D17, Papers_to_Exclude!D:D, Papers_to_Exclude!E:E), "")}
A18: Contextual Variation in Language Input to Children: A Naturalistic Approach | B18: {=_xludf.XLOOKUP(D18,Main_Generated!D:D,Main_Generated!C:C,C18)} -> #NAME? | C18: Contextual Variation in Language Input to Children: A Naturalistic Approach | D18: 2022-53900-001 | E18: No | F18: No | G18: No | H18: No | I18: No | J18: =ISNUMBER(MATCH(D18, Main_Generated!D:D, 0)) -> FALSE | K18: {=IFERROR(_xludf.XLOOKUP(D18, Papers_to_Exclude!D:D, Papers_to_Exclude!E:E), "")}
A19: The robustness of speech-like vocalization in typically developing infants and infants with autism | B19: {=_xludf.XLOOKUP(D19,Main_Generated!D:D,Main_Generated!C:C,C19)} -> #NAME? | C19: Research in Developmental Disabilities | D19: 1-s2.0-S0891422225000332-main | E19: No | F19: No | G19: No | H19: No | I19: No | J19: =ISNUMBER(MATCH(D19, Main_Generated!D:D, 0)) -> FALSE | K19: {=IFERROR(_xludf.XLOOKUP(D19, Papers_to_Exclude!D:D, Papers_to_Exclude!E:E), "")}
A20: Acoustic features of vocalizations in typically developing and autistic infants in the first year | B20: {=_xludf.XLOOKUP(D20,Main_Generated!D:D,Main_Generated!C:C,C20)} -> #NAME? | C20: Research in Developmental Disabilities | D20: 1-s2.0-S0891422224001811-main | E20: No | F20: No | G20: No | H20: No | I20: No | J20: =ISNUMBER(MATCH(D20, Main_Generated!D:D, 0)) -> FALSE | K20: {=IFERROR(_xludf.XLOOKUP(D20, Papers_to_Exclude!D:D, Papers_to_Exclude!E:E), "")}
A21: Protophones, the precursors to speech, dominate the human infant vocal landscape | B21: {=_xludf.XLOOKUP(D21,Main_Generated!D:D,Main_Generated!C:C,C21)} -> #NAME? | C21: Protophones, the precursors to speech, dominate the human infant vocal landscape | D21: rstb.2020.0255 | E21: No | F21: No | G21: No | H21: No | I21: No | J21: =ISNUMBER(MATCH(D21, Main_Generated!D:D, 0)) -> FALSE | K21: {=IFERROR(_xludf.XLOOKUP(D21, Papers_to_Exclude!D:D, Papers_to_Exclude!E:E), "")}
B22: {=_xludf.XLOOKUP(D22,Main_Generated!D:D,Main_Generated!C:C,C22)} -> #NAME? | C22: Caregiver Talk and Medical Risk as Predictors of Language Outcomes in Full Term and Preterm Toddlers | D22: Child Development - 2017 - Adams - Caregiver Talk and Medical Risk as Predictors of Language Outcomes in Full Term and | E22: Yes | F22: No | G22: No | H22: No | I22: No | J22: =ISNUMBER(MATCH(D22, Main_Generated!D:D, 0)) -> FALSE | K22: {=IFERROR(_xludf.XLOOKUP(D22, Papers_to_Exclude!D:D, Papers_to_Exclude!E:E), "")}
B23: {=_xludf.XLOOKUP(D23,Main_Generated!D:D,Main_Generated!C:C,C23)} -> #NAME? | C23: Listening to Family Life After Serious Pediatric Injury: A Study of Four Cases | D23: Family Process - 2019 - Mangelsdorf - Listening to Family Life After Serious Pediatric Injury A Study of Four Cases | E23: No | F23: No | G23: No | H23: No | I23: No | J23: =ISNUMBER(MATCH(D23, Main_Generated!D:D, 0)) -> FALSE | K23: {=IFERROR(_xludf.XLOOKUP(D23, Papers_to_Exclude!D:D, Papers_to_Exclude!E:E), "")}

Sheet CountriesAndLangs
A1: Review | B1: PaperTitle_ToC | C1: PaperTitle_NoToC_Updated | D1: PaperTitle_NoToC | E1: FileName | F1: Countries | G1: Languages | H1: Paper exists in the "Main_Generated" tab? | I1: Notes | J1: CountriesProcessed | K1: LanguagesProcessed | L1: ProcessingNotes
A2: =IF(OR(F2="",G2=""),"Yes","No") -> No | B2: Parallel contributions of socioeconomic status and bilingual experiences on executive function and the brain in young children | C2: {=_xludf.XLOOKUP(E2,Main_Generated!D:D,Main_Generated!C:C,D2)} -> #NAME? | D2: Brain and Language | E2: 1-s2.0-S0093934X26000325-main | F2: United States | G2: Catalan; English; Haitian; Russian; Spanish; German; Cape Verdian Creoles; Mandarin; Greek | H2: =ISNUMBER(MATCH(E2, Main_Generated!D:D, 0)) -> FALSE | I2: {=IFERROR(_xludf.XLOOKUP(E2, Papers_to_Exclude!D:D, Papers_to_Exclude!E:E), "")} | J2: United States | K2: Catalan; English; Haitian; Russian; Spanish; German; Cape Verdian Creoles; Mandarin; Greek | L2: None (this is just so this isn't read in as an empty col)
A3: =IF(OR(F3="",G3=""),"Yes","No") -> No | B3: Linking acoustic variability in the infants’ input to their early word production | C3: {=_xludf.XLOOKUP(E3,Main_Generated!D:D,Main_Generated!C:C,D3)} -> #NAME? | D3: Linking acoustic variability in the infants’ input to their early word production | E3: Developmental Science - 2024 - Bulgarelli - Linking acoustic variability in the infants input to their early word | F3: North America | G3: English | H3: =ISNUMBER(MATCH(E3, Main_Generated!D:D, 0)) -> FALSE | I3: {=IFERROR(_xludf.XLOOKUP(E3, Papers_to_Exclude!D:D, Papers_to_Exclude!E:E), "")} | J3: North America | K3: English
A4: =IF(OR(F4="",G4=""),"Yes","No") -> No | C4: {=_xludf.XLOOKUP(E4,Main_Generated!D:D,Main_Generated!C:C,D4)} -> #NAME? | D4:   | E4: 2256_1_online | F4: presume US | G4: English | H4: =ISNUMBER(MATCH(E4, Main_Generated!D:D, 0)) -> TRUE | I4: {=IFERROR(_xludf.XLOOKUP(E4, Papers_to_Exclude!D:D, Papers_to_Exclude!E:E), "")} | J4: Presumed United States | K4: English
A5: =IF(OR(F5="",G5=""),"Yes","No") -> No | C5: {=_xludf.XLOOKUP(E5,Main_Generated!D:D,Main_Generated!C:C,D5)} -> #NAME? | D5: I | E5: thomas-et-al-2021-evaluation-of-parent-researcher-agreement-on-the-vocal-development-landmarks-interview | F5: presume US | G5: English | H5: =ISNUMBER(MATCH(E5, Main_Generated!D:D, 0)) -> FALSE | I5: {=IFERROR(_xludf.XLOOKUP(E5, Papers_to_Exclude!D:D, Papers_to_Exclude!E:E), "")} | J5: Presumed United States | K5: English
A6: =IF(OR(F6="",G6=""),"Yes","No") -> No | C6: {=_xludf.XLOOKUP(E6,Main_Generated!D:D,Main_Generated!C:C,D6)} -> #NAME? | D6: Quantifying Talker Variability in North-American Infants’ Daily Input | E6: Cognitive Science - 2022 - Bulgarelli - Quantifying Talker Variability in North‐American Infants Daily Input | F6: presume US | G6: English | H6: =ISNUMBER(MATCH(E6, Main_Generated!D:D, 0)) -> FALSE | I6: {=IFERROR(_xludf.XLOOKUP(E6, Papers_to_Exclude!D:D, Papers_to_Exclude!E:E), "")} | J6: Presumed United States | K6: English
A7: =IF(OR(F7="",G7=""),"Yes","No") -> No | B7: The everyday speech environments of preschoolers with and without cochlear implants | C7: {=_xludf.XLOOKUP(E7,Main_Generated!D:D,Main_Generated!C:C,D7)} -> #NAME? | D7: The everyday speech environments of preschoolers with and without cochlear implants | E7: the-everyday-speech-environments-of-preschoolers-with-and-without-cochlear-implants | F7: presume US | G7: English | H7: =ISNUMBER(MATCH(E7, Main_Generated!D:D, 0)) -> FALSE | I7: {=IFERROR(_xludf.XLOOKUP(E7, Papers_to_Exclude!D:D, Papers_to_Exclude!E:E), "")} | J7: Presumed United States | K7: English
A8: =IF(OR(F8="",G8=""),"Yes","No") -> No | C8: {=_xludf.XLOOKUP(E8,Main_Generated!D:D,Main_Generated!C:C,D8)} -> #NAME? | D8: A | E8: mcdaniel-et-al-2020-predicting-expressive-language-from-early-vocalizations-in-young-children-with-autism-spectrum | F8: presume US | G8: English | H8: =ISNUMBER(MATCH(E8, Main_Generated!D:D, 0)) -> FALSE | I8: {=IFERROR(_xludf.XLOOKUP(E8, Papers_to_Exclude!D:D, Papers_to_Exclude!E:E), "")} | J8: Presumed United States | K8: English
A9: =IF(OR(F9="",G9=""),"Yes","No") -> No | C9: {=_xludf.XLOOKUP(E9,Main_Generated!D:D,Main_Generated!C:C,D9)} -> #NAME? | D9: Developmental Psychology | E9: 2027-38079-001 | F9: United States | G9: English | H9: =ISNUMBER(MATCH(E9, Main_Generated!D:D, 0)) -> TRUE | I9: {=IFERROR(_xludf.XLOOKUP(E9, Papers_to_Exclude!D:D, Papers_to_Exclude!E:E), "")} | J9: United States | K9: English
A10: =IF(OR(F10="",G10=""),"Yes","No") -> No | C10: {=_xludf.XLOOKUP(E10,Main_Generated!D:D,Main_Generated!C:C,D10)} -> #NAME? | D10: I | E10: ferjan-ramírez-et-al-2020-parent-coaching-increases-conversational-turns-and-advances-infant-language-development | F10: United States | G10: English | H10: =ISNUMBER(MATCH(E10, Main_Generated!D:D, 0)) -> TRUE | I10: {=IFERROR(_xludf.XLOOKUP(E10, Papers_to_Exclude!D:D, Papers_to_Exclude!E:E), "")} | J10: United States | K10: English
A11: =IF(OR(F11="",G11=""),"Yes","No") -> No | B11: ﻿﻿﻿﻿﻿﻿﻿﻿﻿﻿﻿﻿﻿﻿﻿Everyday maternal sensitivity to distress is dynamic andsystematically varies across context﻿s﻿﻿ | C11: {=_xludf.XLOOKUP(E11,Main_Generated!D:D,Main_Generated!C:C,D11)} -> #NAME? | D11: Everyday maternal sensitivity to distress is dynamic and systematically varies across contexts | E11: aacaf037 | F11: United States | G11: English | H11: =ISNUMBER(MATCH(E11, Main_Generated!D:D, 0)) -> FALSE | I11: {=IFERROR(_xludf.XLOOKUP(E11, Papers_to_Exclude!D:D, Papers_to_Exclude!E:E), "")} | J11: United States | K11: English
A12: =IF(OR(F12="",G12=""),"Yes","No") -> No | B12: Contextual Variation in Language Input to Children: A Naturalistic Approach | C12: {=_xludf.XLOOKUP(E12,Main_Generated!D:D,Main_Generated!C:C,D12)} -> #NAME? | D12: Contextual Variation in Language Input to Children: A Naturalistic Approach | E12: 2022-53900-001 | F12: United States | G12: English | H12: =ISNUMBER(MATCH(E12, Main_Generated!D:D, 0)) -> FALSE | I12: {=IFERROR(_xludf.XLOOKUP(E12, Papers_to_Exclude!D:D, Papers_to_Exclude!E:E), "")} | J12: United States | K12: English
A13: =IF(OR(F13="",G13=""),"Yes","No") -> No | B13: Acoustic features of vocalizations in typically developing and autistic infants in the first year | C13: {=_xludf.XLOOKUP(E13,Main_Generated!D:D,Main_Generated!C:C,D13)} -> #NAME? | D13: Research in Developmental Disabilities | E13: 1-s2.0-S0891422224001811-main | F13: United States | G13: English | H13: =ISNUMBER(MATCH(E13, Main_Generated!D:D, 0)) -> FALSE | I13: {=IFERROR(_xludf.XLOOKUP(E13, Papers_to_Exclude!D:D, Papers_to_Exclude!E:E), "")} | J13: United States | K13: English
A14: =IF(OR(F14="",G14=""),"Yes","No") -> No | C14: {=_xludf.XLOOKUP(E14,Main_Generated!D:D,Main_Generated!C:C,D14)} -> #NAME? | D14: Caregiver Talk and Medical Risk as Predictors of Language Outcomes in Full Term and Preterm Toddlers | E14: Child Development - 2017 - Adams - Caregiver Talk and Medical Risk as Predictors of Language Outcomes in Full Term and | F14: United States | G14: English | H14: =ISNUMBER(MATCH(E14, Main_Generated!D:D, 0)) -> FALSE | I14: {=IFERROR(_xludf.XLOOKUP(E14, Papers_to_Exclude!D:D, Papers_to_Exclude!E:E), "")} | J14: United States | K14: English
A15: =IF(OR(F15="",G15=""),"Yes","No") -> No | C15: {=_xludf.XLOOKUP(E15,Main_Generated!D:D,Main_Generated!C:C,D15)} -> #NAME? | D15: All-Day Recordings to Investigate Vocabulary Development: A Case Study of a Trilingual Toddler | E15: kimbrough-oller-2010-all-day-recordings-to-investigate-vocabulary-development-a-case-study-of-a-trilingual-toddler | F15: United States | G15: English; Spanish; German | H15: =ISNUMBER(MATCH(E15, Main_Generated!D:D, 0)) -> FALSE | I15: {=IFERROR(_xludf.XLOOKUP(E15, Papers_to_Exclude!D:D, Papers_to_Exclude!E:E), "")} | J15: United States | K15: English; Spanish; German
A16: =IF(OR(F16="",G16=""),"Yes","No") -> No | C16: {=_xludf.XLOOKUP(E16,Main_Generated!D:D,Main_Generated!C:C,D16)} -> #NAME? | D16: Influences of number of adults and adult: child ratios on the quantity of adult language input across childcare settings | E16: soderstrom-et-al-2018-influences-of-number-of-adults-and-adult-child-ratios-on-the-quantity-of-adult-language-input | F16: Canada | G16: French; English; Arabic | H16: =ISNUMBER(MATCH(E16, Main_Generated!D:D, 0)) -> FALSE | I16: {=IFERROR(_xludf.XLOOKUP(E16, Papers_to_Exclude!D:D, Papers_to_Exclude!E:E), "")} | J16: Canada | K16: French; English; Arabic
A17: =IF(OR(F17="",G17=""),"Yes","No") -> Yes | B17: Infant boys are morevocal than infantgirls | C17: {=_xludf.XLOOKUP(E17,Main_Generated!D:D,Main_Generated!C:C,D17)} -> #NAME? | D17: Magazine | E17: PIIS096098222030419X | H17: =ISNUMBER(MATCH(E17, Main_Generated!D:D, 0)) -> TRUE | I17: {=IFERROR(_xludf.XLOOKUP(E17, Papers_to_Exclude!D:D, Papers_to_Exclude!E:E), "")} | J17: NA | K17: NA
A18: =IF(OR(F18="",G18=""),"Yes","No") -> Yes | C18: {=_xludf.XLOOKUP(E18,Main_Generated!D:D,Main_Generated!C:C,D18)} -> #NAME? | D18: R | E18: xu-et-al-2014-automated-analysis-of-child-phonetic-production-using-naturalistic-recordings | H18: =ISNUMBER(MATCH(E18, Main_Generated!D:D, 0)) -> TRUE | I18: {=IFERROR(_xludf.XLOOKUP(E18, Papers_to_Exclude!D:D, Papers_to_Exclude!E:E), "")} | J18: NA | K18: NA
A19: =IF(OR(F19="",G19=""),"Yes","No") -> Yes | B19: Using nonlinear methods to quantify changes in infant limb movements and vocalizations | C19: {=_xludf.XLOOKUP(E19,Main_Generated!D:D,Main_Generated!C:C,D19)} -> #NAME? | D19: Using nonlinear methods to quantify changes in infant limb movements and vocalizations | E19: Abneyetal2014 | H19: =ISNUMBER(MATCH(E19, Main_Generated!D:D, 0)) -> TRUE | I19: {=IFERROR(_xludf.XLOOKUP(E19, Papers_to_Exclude!D:D, Papers_to_Exclude!E:E), "")} | J19: NA | K19: NA
A20: =IF(OR(F20="",G20=""),"Yes","No") -> Yes | B20: Abstract | C20: {=_xludf.XLOOKUP(E20,Main_Generated!D:D,Main_Generated!C:C,D20)} -> #NAME? | D20: Measuring Frequency of Child-directed WH-estion Words for Alternate Preschool Locations using Speech Recognition and Location Tracking Technologies | E20: 3461615.3485440 | H20: =ISNUMBER(MATCH(E20, Main_Generated!D:D, 0)) -> FALSE | I20: {=IFERROR(_xludf.XLOOKUP(E20, Papers_to_Exclude!D:D, Papers_to_Exclude!E:E), "")} | J20: NA | K20: NA
A21: =IF(OR(F21="",G21=""),"Yes","No") -> No | C21: {=_xludf.XLOOKUP(E21,Main_Generated!D:D,Main_Generated!C:C,D21)} -> #NAME? | D21: Listening to Family Life After Serious Pediatric Injury: A Study of Four Cases | E21: Family Process - 2019 - Mangelsdorf - Listening to Family Life After Serious Pediatric Injury A Study of Four Cases | F21: Australia | G21: Presume English | H21: =ISNUMBER(MATCH(E21, Main_Generated!D:D, 0)) -> FALSE | I21: {=IFERROR(_xludf.XLOOKUP(E21, Papers_to_Exclude!D:D, Papers_to_Exclude!E:E), "")} | J21: Australia | K21: Presume English
A22: =IF(OR(F22="",G22=""),"Yes","No") -> No | C22: {=_xludf.XLOOKUP(E22,Main_Generated!D:D,Main_Generated!C:C,D22)} -> #NAME? | D22: MIT Open Access Articles New horizons in the study of child language acquisition | E22: Roy_New Horizons | F22: presume US | G22: Presume English | H22: =ISNUMBER(MATCH(E22, Main_Generated!D:D, 0)) -> TRUE | I22: {=IFERROR(_xludf.XLOOKUP(E22, Papers_to_Exclude!D:D, Papers_to_Exclude!E:E), "")} | J22: Presumed United States | K22: Presume English
A23: =IF(OR(F23="",G23=""),"Yes","No") -> No | B23: Sex differences in infant vocalization and the origin of language | C23: {=_xludf.XLOOKUP(E23,Main_Generated!D:D,Main_Generated!C:C,D23)} -> #NAME? | D23: iScience | E23: PIIS2589004223009616 | F23: United States | G23: Presume English | H23: =ISNUMBER(MATCH(E23, Main_Generated!D:D, 0)) -> TRUE | I23: {=IFERROR(_xludf.XLOOKUP(E23, Papers_to_Exclude!D:D, Papers_to_Exclude!E:E), "")} | J23: United States | K23: Presume English
A24: =IF(OR(F24="",G24=""),"Yes","No") -> No | C24: {=_xludf.XLOOKUP(E24,Main_Generated!D:D,Main_Generated!C:C,D24)} -> #NAME? | D24: Influences of Parent and Child Negative Emotionality on Young Children’s Everyday Behaviors | E24: 2012-05384-001 | F24: United States | G24: Presume English | H24: =ISNUMBER(MATCH(E24, Main_Generated!D:D, 0)) -> FALSE | I24: {=IFERROR(_xludf.XLOOKUP(E24, Papers_to_Exclude!D:D, Papers_to_Exclude!E:E), "")} | J24: United States | K24: Presume English
A25: =IF(OR(F25="",G25=""),"Yes","No") -> No | B25: New Conceptualizations and Directions in the Study of Family Context | C25: {=_xludf.XLOOKUP(E25,Main_Generated!D:D,Main_Generated!C:C,D25)} -> #NAME? | D25: Everyday Emotions: Naturalistic Observation of Specific Positive Emotions in Daily Family Life | E25: 2021-36797-006 | F25: United States | G25: Presume English | H25: =ISNUMBER(MATCH(E25, Main_Generated!D:D, 0)) -> FALSE | I25: {=IFERROR(_xludf.XLOOKUP(E25, Papers_to_Exclude!D:D, Papers_to_Exclude!E:E), "")} | J25: United States | K25: Presume English
A26: =IF(OR(F26="",G26=""),"Yes","No") -> No | C26: Perspectives on the origin of language: Infants vocalize most during independent vocal play but produce their most speech-like vocalizations during turn taking | D26: PLOS ONE | E26: file | F26: United States | G26: Presume English | H26: =ISNUMBER(MATCH(E26, Main_Generated!D:D, 0)) -> FALSE | I26: {=IFERROR(_xludf.XLOOKUP(E26, Papers_to_Exclude!D:D, Papers_to_Exclude!E:E), "")} | J26: United States | K26: Presume English
A27: =IF(OR(F27="",G27=""),"Yes","No") -> No | B27: Preterm and full term infant vocalization and the origin of language | C27: {=_xludf.XLOOKUP(E27,Main_Generated!D:D,Main_Generated!C:C,D27)} -> #NAME? | D27: Preterm and full term infant vocalization and the origin of language | E27: s41598-019-51352-0 | F27: United States | G27: Presume English | H27: =ISNUMBER(MATCH(E27, Main_Generated!D:D, 0)) -> FALSE | I27: {=IFERROR(_xludf.XLOOKUP(E27, Papers_to_Exclude!D:D, Papers_to_Exclude!E:E), "")} | J27: United States | K27: Presume English
A28: =IF(OR(F28="",G28=""),"Yes","No") -> No | C28: Vocal Interaction Dynamics of Children With and Without Autism | D28: UC Merced | E28: qt1092j779 | F28: United States | G28: Presume English | H28: =ISNUMBER(MATCH(E28, Main_Generated!D:D, 0)) -> FALSE | I28: {=IFERROR(_xludf.XLOOKUP(E28, Papers_to_Exclude!D:D, Papers_to_Exclude!E:E), "")} | J28: United States | K28: Presume English
A29: =IF(OR(F29="",G29=""),"Yes","No") -> No | B29: Protophones, the precursors to speech, dominate the human infant vocal landscape | C29: {=_xludf.XLOOKUP(E29,Main_Generated!D:D,Main_Generated!C:C,D29)} -> #NAME? | D29: Protophones, the precursors to speech, dominate the human infant vocal landscape | E29: rstb.2020.0255 | F29: United States | G29: Presume English | H29: =ISNUMBER(MATCH(E29, Main_Generated!D:D, 0)) -> FALSE | I29: {=IFERROR(_xludf.XLOOKUP(E29, Papers_to_Exclude!D:D, Papers_to_Exclude!E:E), "")} | J29: United States | K29: Presume English
A30: =IF(OR(F30="",G30=""),"Yes","No") -> No | C30: {=_xludf.XLOOKUP(E30,Main_Generated!D:D,Main_Generated!C:C,D30)} -> #NAME? | D30: Talking to Children Matters: Early Language Experience Strengthens Processing and Builds Vocabulary | E30: weisleder-fernald-2013-talking-to-children-matters | F30: United States | G30: Spanish | H30: =ISNUMBER(MATCH(E30, Main_Generated!D:D, 0)) -> FALSE | I30: {=IFERROR(_xludf.XLOOKUP(E30, Papers_to_Exclude!D:D, Papers_to_Exclude!E:E), "")} | J30: United States | K30: Spanish
A31: =IF(OR(F31="",G31=""),"Yes","No") -> No | C31: {=_xludf.XLOOKUP(E31,Main_Generated!D:D,Main_Generated!C:C,D31)} -> #NAME? | D31: SPECIAL ISSUE ARTICLE Caregiver talk to young Spanish-English bilinguals: comparing direct observation and parent-report measures of dual-language exposure | E31: Developmental Science - 2016 - Marchman - Caregiver talk to young Spanish‐English bilinguals comparing direct observation | F31: United States | G31: Spanish; English | H31: =ISNUMBER(MATCH(E31, Main_Generated!D:D, 0)) -> FALSE | I31: {=IFERROR(_xludf.XLOOKUP(E31, Papers_to_Exclude!D:D, Papers_to_Exclude!E:E), "")} | J31: United States | K31: Spanish; English

Sheet ManualAnnot
A1: PaperTitle_ToC | B1: PaperTitle_NoToC_Updated | C1: PaperTitle_NoToC | D1: FileName | E1: ManualAnnot | F1: Paper exists in the "Main_Generated" tab? | G1: Notes
B2: {=_xludf.XLOOKUP(D2,Main_Generated!D:D,Main_Generated!C:C,C2)} -> #NAME? | C2: Developmental Psychology | D2: 2027-38079-001 | E2: Yes | F2: =ISNUMBER(MATCH(D2, Main_Generated!D:D, 0)) -> TRUE | G2: {=IFERROR(_xludf.XLOOKUP(D2, Papers_to_Exclude!D:D, Papers_to_Exclude!E:E), "")}
A3: Infant boys are morevocal than infantgirls | B3: {=_xludf.XLOOKUP(D3,Main_Generated!D:D,Main_Generated!C:C,C3)} -> #NAME? | C3: Magazine | D3: PIIS096098222030419X | E3: Yes | F3: =ISNUMBER(MATCH(D3, Main_Generated!D:D, 0)) -> TRUE | G3: {=IFERROR(_xludf.XLOOKUP(D3, Papers_to_Exclude!D:D, Papers_to_Exclude!E:E), "")}
B4: {=_xludf.XLOOKUP(D4,Main_Generated!D:D,Main_Generated!C:C,C4)} -> #NAME? | C4: MIT Open Access Articles New horizons in the study of child language acquisition | D4: Roy_New Horizons | E4: Yes | F4: =ISNUMBER(MATCH(D4, Main_Generated!D:D, 0)) -> TRUE | G4: {=IFERROR(_xludf.XLOOKUP(D4, Papers_to_Exclude!D:D, Papers_to_Exclude!E:E), "")}
A5: Sex differences in infant vocalization and the origin of language | B5: {=_xludf.XLOOKUP(D5,Main_Generated!D:D,Main_Generated!C:C,C5)} -> #NAME? | C5: iScience | D5: PIIS2589004223009616 | E5: Yes | F5: =ISNUMBER(MATCH(D5, Main_Generated!D:D, 0)) -> TRUE | G5: {=IFERROR(_xludf.XLOOKUP(D5, Papers_to_Exclude!D:D, Papers_to_Exclude!E:E), "")}
B6: {=_xludf.XLOOKUP(D6,Main_Generated!D:D,Main_Generated!C:C,C6)} -> #NAME? | C6: R | D6: xu-et-al-2014-automated-analysis-of-child-phonetic-production-using-naturalistic-recordings | F6: =ISNUMBER(MATCH(D6, Main_Generated!D:D, 0)) -> TRUE | G6: {=IFERROR(_xludf.XLOOKUP(D6, Papers_to_Exclude!D:D, Papers_to_Exclude!E:E), "")}
A7: Using nonlinear methods to quantify changes in infant limb movements and vocalizations | B7: {=_xludf.XLOOKUP(D7,Main_Generated!D:D,Main_Generated!C:C,C7)} -> #NAME? | C7: Using nonlinear methods to quantify changes in infant limb movements and vocalizations | D7: Abneyetal2014 | E7: No | F7: =ISNUMBER(MATCH(D7, Main_Generated!D:D, 0)) -> TRUE | G7: {=IFERROR(_xludf.XLOOKUP(D7, Papers_to_Exclude!D:D, Papers_to_Exclude!E:E), "")}
B8: {=_xludf.XLOOKUP(D8,Main_Generated!D:D,Main_Generated!C:C,C8)} -> #NAME? | C8: I | D8: ferjan-ramírez-et-al-2020-parent-coaching-increases-conversational-turns-and-advances-infant-language-development | E8: Yes | F8: =ISNUMBER(MATCH(D8, Main_Generated!D:D, 0)) -> TRUE | G8: {=IFERROR(_xludf.XLOOKUP(D8, Papers_to_Exclude!D:D, Papers_to_Exclude!E:E), "")}
B9: {=_xludf.XLOOKUP(D9,Main_Generated!D:D,Main_Generated!C:C,C9)} -> #NAME? | C9:   | D9: 2256_1_online | E9: No | F9: =ISNUMBER(MATCH(D9, Main_Generated!D:D, 0)) -> TRUE | G9: {=IFERROR(_xludf.XLOOKUP(D9, Papers_to_Exclude!D:D, Papers_to_Exclude!E:E), "")}
B10: {=_xludf.XLOOKUP(D10,Main_Generated!D:D,Main_Generated!C:C,C10)} -> #NAME?
B11: {=_xludf.XLOOKUP(D11,Main_Generated!D:D,Main_Generated!C:C,C11)} -> #NAME?
B12: {=_xludf.XLOOKUP(D12,Main_Generated!D:D,Main_Generated!C:C,C12)} -> #NAME?
B13: {=_xludf.XLOOKUP(D13,Main_Generated!D:D,Main_Generated!C:C,C13)} -> #NAME?
B14: {=_xludf.XLOOKUP(D14,Main_Generated!D:D,Main_Generated!C:C,C14)} -> #NAME?
B15: {=_xludf.XLOOKUP(D15,Main_Generated!D:D,Main_Generated!C:C,C15)} -> #NAME?
B16: {=_xludf.XLOOKUP(D16,Main_Generated!D:D,Main_Generated!C:C,C16)} -> #NAME?
B17: {=_xludf.XLOOKUP(D17,Main_Generated!D:D,Main_Generated!C:C,C17)} -> #NAME?
B18: {=_xludf.XLOOKUP(D18,Main_Generated!D:D,Main_Generated!C:C,C18)} -> #NAME?
B19: {=_xludf.XLOOKUP(D19,Main_Generated!D:D,Main_Generated!C:C,C19)} -> #NAME?
B20: {=_xludf.XLOOKUP(D20,Main_Generated!D:D,Main_Generated!C:C,C20)} -> #NAME?
B21: {=_xludf.XLOOKUP(D21,Main_Generated!D:D,Main_Generated!C:C,C21)} -> #NAME?
... B1000: {=_xludf.XLOOKUP(D1000,Main_Generated!D:D,Main_Generated!C:C,C1000)} -> #NAME?

Sheet Topics
A1: PaperTitle_ToC | B1: PaperTitle_NoToC_Updated | C1: PaperTitle_NoToC | D1: FileName | E1: CDSvsADS | F1: VocMaturity | G1: Multiling | H1: CommDisorder | I1: SES | J1: SchoolProg | K1: Multimodal | L1: StressAnxEmo | M1: CryNonCry | N1: NICU | O1: Paper exists in the "Main_Generated" tab? | P1: Notes
B2: {=_xludf.XLOOKUP(D2,Main_Generated!D:D,Main_Generated!C:C,C2)} -> #NAME? | C2: Developmental Psychology | D2: 2027-38079-001 | E2: No | F2: No | G2: No | H2: No | I2: No | J2: Yes | K2: Yes | L2: No | M2: No | N2: No | O2: =ISNUMBER(MATCH(D2, Main_Generated!D:D, 0)) -> TRUE
A3: Infant boys are morevocal than infantgirls | B3: {=_xludf.XLOOKUP(D3,Main_Generated!D:D,Main_Generated!C:C,C3)} -> #NAME? | C3: Magazine | D3: PIIS096098222030419X | E3: No | F3: No | G3: No | H3: No | I3: No | J3: No | K3: No | L3: No | M3: Yes | N3: No | O3: =ISNUMBER(MATCH(D3, Main_Generated!D:D, 0)) -> TRUE | P3: {=IFERROR(_xludf.XLOOKUP(D3, Papers_to_Exclude!D:D, Papers_to_Exclude!E:E), "")}
B4: {=_xludf.XLOOKUP(D4,Main_Generated!D:D,Main_Generated!C:C,C4)} -> #NAME? | C4: MIT Open Access Articles New horizons in the study of child language acquisition | D4: Roy_New Horizons | E4: No | F4: No | G4: No | H4: No | I4: No | J4: No | K4: No | L4: No | M4: No | N4: No | O4: =ISNUMBER(MATCH(D4, Main_Generated!D:D, 0)) -> TRUE | P4: {=IFERROR(_xludf.XLOOKUP(D4, Papers_to_Exclude!D:D, Papers_to_Exclude!E:E), "")}
A5: Sex differences in infant vocalization and the origin of language | B5: {=_xludf.XLOOKUP(D5,Main_Generated!D:D,Main_Generated!C:C,C5)} -> #NAME? | C5: iScience | D5: PIIS2589004223009616 | E5: No | F5: No | G5: No | H5: Yes | I5: Yes | J5: Yes | K5: No | L5: No | M5: Yes | N5: No | O5: =ISNUMBER(MATCH(D5, Main_Generated!D:D, 0)) -> TRUE | P5: {=IFERROR(_xludf.XLOOKUP(D5, Papers_to_Exclude!D:D, Papers_to_Exclude!E:E), "")}
B6: {=_xludf.XLOOKUP(D6,Main_Generated!D:D,Main_Generated!C:C,C6)} -> #NAME? | C6: R | D6: xu-et-al-2014-automated-analysis-of-child-phonetic-production-using-naturalistic-recordings | O6: =ISNUMBER(MATCH(D6, Main_Generated!D:D, 0)) -> TRUE | P6: {=IFERROR(_xludf.XLOOKUP(D6, Papers_to_Exclude!D:D, Papers_to_Exclude!E:E), "")}
A7: Using nonlinear methods to quantify changes in infant limb movements and vocalizations | B7: {=_xludf.XLOOKUP(D7,Main_Generated!D:D,Main_Generated!C:C,C7)} -> #NAME? | C7: Using nonlinear methods to quantify changes in infant limb movements and vocalizations | D7: Abneyetal2014 | E7: No | F7: No | G7: No | H7: No | I7: No | J7: No | K7: Yes | L7: No | M7: Yes | N7: No | O7: =ISNUMBER(MATCH(D7, Main_Generated!D:D, 0)) -> TRUE | P7: {=IFERROR(_xludf.XLOOKUP(D7, Papers_to_Exclude!D:D, Papers_to_Exclude!E:E), "")}
B8: {=_xludf.XLOOKUP(D8,Main_Generated!D:D,Main_Generated!C:C,C8)} -> #NAME? | C8: I | D8: ferjan-ramírez-et-al-2020-parent-coaching-increases-conversational-turns-and-advances-infant-language-development | E8: Yes | F8: No | G8: No | H8: Yes | I8: Yes | J8: Yes | K8: No | L8: No | M8: Yes | N8: No | O8: =ISNUMBER(MATCH(D8, Main_Generated!D:D, 0)) -> TRUE | P8: {=IFERROR(_xludf.XLOOKUP(D8, Papers_to_Exclude!D:D, Papers_to_Exclude!E:E), "")}
B9: {=_xludf.XLOOKUP(D9,Main_Generated!D:D,Main_Generated!C:C,C9)} -> #NAME? | C9:   | D9: 2256_1_online | E9: No | F9: No | G9: No | H9: Yes | I9: Yes | J9: Yes | K9: No | L9: No | M9: No | N9: No | O9: =ISNUMBER(MATCH(D9, Main_Generated!D:D, 0)) -> TRUE | P9: {=IFERROR(_xludf.XLOOKUP(D9, Papers_to_Exclude!D:D, Papers_to_Exclude!E:E), "")}
B10: {=_xludf.XLOOKUP(D10,Main_Generated!D:D,Main_Generated!C:C,C10)} -> #NAME?
B11: {=_xludf.XLOOKUP(D11,Main_Generated!D:D,Main_Generated!C:C,C11)} -> #NAME?
B12: {=_xludf.XLOOKUP(D12,Main_Generated!D:D,Main_Generated!C:C,C12)} -> #NAME?
B13: {=_xludf.XLOOKUP(D13,Main_Generated!D:D,Main_Generated!C:C,C13)} -> #NAME?
B14: {=_xludf.XLOOKUP(D14,Main_Generated!D:D,Main_Generated!C:C,C14)} -> #NAME?
B15: {=_xludf.XLOOKUP(D15,Main_Generated!D:D,Main_Generated!C:C,C15)} -> #NAME?
B16: {=_xludf.XLOOKUP(D16,Main_Generated!D:D,Main_Generated!C:C,C16)} -> #NAME?
B17: {=_xludf.XLOOKUP(D17,Main_Generated!D:D,Main_Generated!C:C,C17)} -> #NAME?
B18: {=_xludf.XLOOKUP(D18,Main_Generated!D:D,Main_Generated!C:C,C18)} -> #NAME?
B19: {=_xludf.XLOOKUP(D19,Main_Generated!D:D,Main_Generated!C:C,C19)} -> #NAME?
B20: {=_xludf.XLOOKUP(D20,Main_Generated!D:D,Main_Generated!C:C,C20)} -> #NAME?
B21: {=_xludf.XLOOKUP(D21,Main_Generated!D:D,Main_Generated!C:C,C21)} -> #NAME?
... B1000: {=_xludf.XLOOKUP(D1000,Main_Generated!D:D,Main_Generated!C:C,C1000)} -> #NAME?
